time, status
2025-09-26 19:06, success
2025-09-26 19:41, success
2025-09-26 20:21, success
2025-09-26 20:40, success
2025-09-26 21:17, success
2025-09-26 21:38, success
2025-09-26 22:18, success
2025-09-26 22:39, success
2025-09-26 23:18, success
2025-09-26 23:38, success
2025-09-27 01:22, success
2025-09-27 02:40, success
2025-09-27 03:28, success
2025-09-27 03:46, success
2025-09-27 04:23, success
2025-09-27 04:42, success
2025-09-27 05:18, success
2025-09-27 05:39, success
2025-09-27 06:25, success
2025-09-27 06:44, success
2025-09-27 07:37, success
2025-09-27 08:22, success
